Orthogroup,Species,Classification,Count,ogCat
N0.HOG0000049,Aduranensis,gbM,9,Core: Other
N0.HOG0000049,Crubella,gbM,11,Core: Other
N0.HOG0000049,Zmays,Unclassified,11,Core: Other
N0.HOG0000049,Phallii,gbM,9,Core: Other
N0.HOG0000049,Cmelo,gbM,10,Core: Other
N0.HOG0000049,Fxananassa,gbM,28,Core: Other
N0.HOG0000049,Csativus,gbM,9,Core: Other
N0.HOG0000049,Bvulgaris,gbM,8,Core: Other
N0.HOG0000049,Ljaponicus,gbM,16,Core: Other
N0.HOG0000049,Fvesca,Unclassified,5,Core: Other
N0.HOG0000049,Cpapaya,Unclassified,7,Core: Other
N0.HOG0000049,Ppersica,Unclassified,12,Core: Other
N0.HOG0000049,Athaliana,Unclassified,11,Core: Other
N0.HOG0000049,Fxananassa,Unclassified,18,Core: Other
N0.HOG0000049,Alyrata,gbM,15,Core: Other
N0.HOG0000049,Gmax,Unclassified,8,Core: Other
N0.HOG0000049,Fvesca,gbM,14,Core: Other
N0.HOG0000049,Vvinifera,gbM,18,Core: Other
N0.HOG0000049,Graimondii,gbM,9,Core: Other
N0.HOG0000049,Clanatus,gbM,9,Core: Other
N0.HOG0000049,Mdomestica,Unclassified,14,Core: Other
N0.HOG0000049,Bvulgaris,Unclassified,9,Core: Other
N0.HOG0000049,Macuminata,gbM,10,Core: Other
N0.HOG0000085,Bvulgaris,gbM,6,Core: Other
N0.HOG0000085,Clanatus,Unclassified,9,Core: Other
N0.HOG0000085,Fxananassa,gbM,17,Core: Other
N0.HOG0000085,Phallii,gbM,10,Core: Other
N0.HOG0000085,Sitalica,gbM,11,Core: Other
N0.HOG0000087,Clanatus,Unclassified,12,Core: Other
N0.HOG0000087,Cpapaya,Unclassified,11,Core: Other
N0.HOG0000087,Vvinifera,Unclassified,7,Core: Other
N0.HOG0000162,Ppersica,Unmethylated,40,Core: Other
N0.HOG0000162,Ljaponicus,Unclassified,24,Core: Other
N0.HOG0000162,Fvesca,Unclassified,11,Core: Other
N0.HOG0000162,Mtruncatula,Unclassified,49,Core: Other
N0.HOG0000162,Bvulgaris,Unmethylated,13,Core: Other
N0.HOG0000162,Fxananassa,Unmethylated,129,Core: Other
N0.HOG0000162,Aduranensis,Unmethylated,47,Core: Other
N0.HOG0000162,Mtruncatula,Unmethylated,40,Core: Other
N0.HOG0000162,Bvulgaris,gbM,7,Core: Other
N0.HOG0000162,Aipaensis,Unmethylated,57,Core: Other
N0.HOG0000162,Csativus,Unmethylated,17,Core: Other
N0.HOG0000162,Graimondii,Unclassified,9,Core: Other
N0.HOG0000162,Ljaponicus,gbM,24,Core: Other
N0.HOG0000162,Mtruncatula,gbM,46,Core: Other
N0.HOG0000162,Fvesca,Unmethylated,51,Core: Other
N0.HOG0000162,Mguttatus,gbM,64,Core: Other
N0.HOG0000162,Ljaponicus,teM,44,Core: Other
N0.HOG0000162,Ljaponicus,Unmethylated,38,Core: Other
N0.HOG0000162,Mdomestica,Unmethylated,26,Core: Other
N0.HOG0000162,Graimondii,Unmethylated,38,Core: Other
N0.HOG0000162,Fxananassa,Unclassified,13,Core: Other
N0.HOG0000162,Mtruncatula,teM,119,Core: Other
N0.HOG0000162,Mtruncatula,Missing,88,Core: Other
N0.HOG0000162,Cclementina,Unmethylated,43,Core: Other
N0.HOG0000162,Clanatus,Unmethylated,10,Core: Other
N0.HOG0000162,Pxbretschneideri,Unmethylated,15,Core: Other
N0.HOG0000162,Bvulgaris,Unclassified,24,Core: Other
N0.HOG0000194,Fvesca,Unclassified,5,Cross-Family
N0.HOG0000209,Mdomestica,Unclassified,14,Cross-Family
N0.HOG0000211,Mdomestica,gbM,13,Core: Other
N0.HOG0000211,Cclementina,gbM,11,Core: Other
N0.HOG0000211,Mdomestica,Unmethylated,40,Core: Other
N0.HOG0000211,Aduranensis,gbM,21,Core: Other
N0.HOG0000211,Mesculenta,Unmethylated,59,Core: Other
N0.HOG0000211,Ppersica,Unmethylated,31,Core: Other
N0.HOG0000211,Pxbretschneideri,Unmethylated,16,Core: Other
N0.HOG0000211,Eguineensis,Unmethylated,16,Core: Other
N0.HOG0000211,Aduranensis,Unclassified,12,Core: Other
N0.HOG0000211,Pvulgaris,Unclassified,6,Core: Other
N0.HOG0000211,Aipaensis,Unclassified,19,Core: Other
N0.HOG0000211,Mdomestica,Missing,10,Core: Other
N0.HOG0000211,Aipaensis,Missing,5,Core: Other
N0.HOG0000211,Graimondii,Unclassified,13,Core: Other
N0.HOG0000211,Vvinifera,Unclassified,20,Core: Other
N0.HOG0000211,Pxbretschneideri,teM,18,Core: Other
N0.HOG0000211,Ljaponicus,gbM,14,Core: Other
N0.HOG0000211,Aduranensis,Unmethylated,37,Core: Other
N0.HOG0000211,Stuberosum,gbM,28,Core: Other
N0.HOG0000211,Mguttatus,teM,26,Core: Other
N0.HOG0000211,Ptrichocarpa,Unmethylated,88,Core: Other
N0.HOG0000211,Ppersica,teM,26,Core: Other
N0.HOG0000211,Tcacao,Unclassified,13,Core: Other
N0.HOG0000211,Fxananassa,Unmethylated,86,Core: Other
N0.HOG0000211,Aipaensis,Unmethylated,63,Core: Other
N0.HOG0000211,Tcacao,Unmethylated,55,Core: Other
N0.HOG0000211,Stuberosum,Unclassified,12,Core: Other
N0.HOG0000211,Mdomestica,teM,69,Core: Other
N0.HOG0000211,Pxbretschneideri,gbM,10,Core: Other
N0.HOG0000211,Aipaensis,gbM,35,Core: Other
N0.HOG0000211,Vvinifera,Missing,25,Core: Other
N0.HOG0000211,Vvinifera,gbM,20,Core: Other
N0.HOG0000211,Vvinifera,Unmethylated,54,Core: Other
N0.HOG0000211,Vvinifera,teM,30,Core: Other
N0.HOG0000211,Pxbretschneideri,Unclassified,37,Core: Other
N0.HOG0000211,Tcacao,gbM,9,Core: Other
N0.HOG0000211,Mdomestica,Unclassified,37,Core: Other
N0.HOG0000211,Gmax,Missing,16,Core: Other
N0.HOG0000211,Mesculenta,gbM,7,Core: Other
N0.HOG0000211,Graimondii,Unmethylated,45,Core: Other
N0.HOG0000212,Pvulgaris,teM,30,Cross-Family
N0.HOG0000213,Pxbretschneideri,Unclassified,12,Core: Other
N0.HOG0000213,Ptrichocarpa,Unmethylated,82,Core: Other
N0.HOG0000213,Phallii,gbM,9,Core: Other
N0.HOG0000213,Pvulgaris,Unmethylated,38,Core: Other
N0.HOG0000213,Osativa,gbM,18,Core: Other
N0.HOG0000213,Pvulgaris,teM,78,Core: Other
N0.HOG0000213,Eguineensis,Unmethylated,31,Core: Other
N0.HOG0000213,Csativus,gbM,6,Core: Other
N0.HOG0000213,Bvulgaris,Unclassified,13,Core: Other
N0.HOG0000213,Bvulgaris,gbM,5,Core: Other
N0.HOG0000216,Aduranensis,gbM,10,Cross-Family
N0.HOG0000216,Mesculenta,gbM,7,Cross-Family
N0.HOG0000216,Pxbretschneideri,Missing,18,Cross-Family
N0.HOG0000223,Alyrata,Unclassified,12,Cross-Family
N0.HOG0000223,Brapa,Unmethylated,54,Cross-Family
N0.HOG0000223,Boleracea,Unclassified,32,Cross-Family
N0.HOG0000223,Pvulgaris,Unmethylated,32,Cross-Family
N0.HOG0000223,Boleracea,gbM,9,Cross-Family
N0.HOG0000223,Alyrata,gbM,12,Cross-Family
N0.HOG0000223,Athaliana,gbM,6,Cross-Family
N0.HOG0000226,Pxbretschneideri,Unclassified,13,Cross-Family
N0.HOG0000226,Ppersica,gbM,10,Cross-Family
N0.HOG0000226,Csativus,Unclassified,5,Cross-Family
N0.HOG0000226,Pxbretschneideri,gbM,6,Cross-Family
N0.HOG0000226,Ppersica,Unclassified,14,Cross-Family
N0.HOG0000226,Vvinifera,Unclassified,7,Cross-Family
N0.HOG0000226,Mdomestica,Unclassified,19,Cross-Family
N0.HOG0000226,Egrandis,teM,31,Cross-Family
N0.HOG0000227,Aipaensis,gbM,8,Cross-Family
N0.HOG0000228,Aduranensis,Unclassified,7,Cross-Family
N0.HOG0000228,Aipaensis,gbM,7,Cross-Family
N0.HOG0000228,Clanatus,gbM,5,Cross-Family
N0.HOG0000228,Ppersica,gbM,10,Cross-Family
N0.HOG0000244,Mdomestica,Unclassified,15,Cross-Family
N0.HOG0000274,Macuminata,Unmethylated,27,Core: Other
N0.HOG0000339,Sbicolor,gbM,11,Cross-Family
N0.HOG0000341,Pxbretschneideri,teM,22,Core: Other
N0.HOG0000341,Pxbretschneideri,Unclassified,16,Core: Other
N0.HOG0000341,Pvirgatum,gbM,12,Core: Other
N0.HOG0000341,Mdomestica,teM,80,Core: Other
N0.HOG0000341,Graimondii,Unclassified,18,Core: Other
N0.HOG0000341,Mesculenta,Unmethylated,49,Core: Other
N0.HOG0000341,Mguttatus,teM,29,Core: Other
N0.HOG0000342,Osativa,gbM,17,Core: Other
N0.HOG0000342,Pvirgatum,Unmethylated,61,Core: Other
N0.HOG0000342,Phallii,Unmethylated,28,Core: Other
N0.HOG0000347,Mesculenta,Unmethylated,42,Core: Other
N0.HOG0000347,Fxananassa,Unmethylated,101,Core: Other
N0.HOG0000347,Aduranensis,Unclassified,11,Core: Other
N0.HOG0000347,Egrandis,gbM,11,Core: Other
N0.HOG0000347,Cmelo,Unclassified,11,Core: Other
N0.HOG0000347,Ljaponicus,gbM,17,Core: Other
N0.HOG0000347,Tcacao,Unmethylated,59,Core: Other
N0.HOG0000347,Ptrichocarpa,Unclassified,4,Core: Other
N0.HOG0000347,Mdomestica,Unmethylated,34,Core: Other
N0.HOG0000347,Csativus,Unmethylated,15,Core: Other
N0.HOG0000347,Aipaensis,Unmethylated,51,Core: Other
N0.HOG0000347,Pvulgaris,Unmethylated,36,Core: Other
N0.HOG0000347,Mtruncatula,gbM,67,Core: Other
N0.HOG0000347,Fvesca,Unclassified,6,Core: Other
N0.HOG0000347,Egrandis,Unmethylated,53,Core: Other
N0.HOG0000347,Fvesca,Unmethylated,35,Core: Other
N0.HOG0000347,Cclementina,Unmethylated,43,Core: Other
N0.HOG0000347,Graimondii,Unclassified,11,Core: Other
N0.HOG0000347,Egrandis,Missing,33,Core: Other
N0.HOG0000347,Gmax,Unmethylated,88,Core: Other
N0.HOG0000347,Slycopersicum,Unclassified,15,Core: Other
N0.HOG0000347,Cclementina,Unclassified,7,Core: Other
N0.HOG0000347,Athaliana,gbM,12,Core: Other
N0.HOG0000347,Csativus,Unclassified,7,Core: Other
N0.HOG0000347,Alyrata,gbM,21,Core: Other
N0.HOG0000347,Athaliana,Unclassified,11,Core: Other
N0.HOG0000347,Mdomestica,Unclassified,32,Core: Other
N0.HOG0000347,Vvinifera,Unclassified,14,Core: Other
N0.HOG0000347,Ptrichocarpa,Unmethylated,135,Core: Other
N0.HOG0000347,Clanatus,Unclassified,13,Core: Other
N0.HOG0000347,Ppersica,Unclassified,17,Core: Other
N0.HOG0000347,Mesculenta,Unclassified,5,Core: Other
N0.HOG0000347,Ppersica,gbM,27,Core: Other
N0.HOG0000347,Slycopersicum,gbM,35,Core: Other
N0.HOG0000347,Boleracea,gbM,8,Core: Other
N0.HOG0000347,Egrandis,Unclassified,59,Core: Other
N0.HOG0000347,Stuberosum,gbM,26,Core: Other
N0.HOG0000347,Vvinifera,Unmethylated,27,Core: Other
N0.HOG0000347,Aipaensis,Unclassified,7,Core: Other
N0.HOG0000347,Fxananassa,gbM,21,Core: Other
N0.HOG0000347,Vvinifera,gbM,14,Core: Other
N0.HOG0000354,Alyrata,gbM,64,Core: Other
N0.HOG0000354,Fxananassa,gbM,20,Core: Other
N0.HOG0000354,Boleracea,Unclassified,61,Core: Other
N0.HOG0000354,Ljaponicus,gbM,38,Core: Other
N0.HOG0000354,Egrandis,gbM,11,Core: Other
N0.HOG0000354,Aduranensis,Unmethylated,33,Core: Other
N0.HOG0000354,Stuberosum,Unclassified,12,Core: Other
N0.HOG0000354,Alyrata,Missing,10,Core: Other
N0.HOG0000354,Crubella,Unclassified,47,Core: Other
N0.HOG0000354,Aipaensis,Unmethylated,34,Core: Other
N0.HOG0000354,Mdomestica,Unmethylated,26,Core: Other
N0.HOG0000354,Fvesca,gbM,14,Core: Other
N0.HOG0000354,Alyrata,Unmethylated,101,Core: Other
N0.HOG0000354,Alyrata,Unclassified,39,Core: Other
N0.HOG0000354,Brapa,Unclassified,9,Core: Other
N0.HOG0000354,Athaliana,teM,17,Core: Other
N0.HOG0000354,Crubella,Unmethylated,165,Core: Other
N0.HOG0000354,Pxbretschneideri,Unmethylated,14,Core: Other
N0.HOG0000354,Mtruncatula,teM,67,Core: Other
N0.HOG0000354,Brapa,Unmethylated,170,Core: Other
N0.HOG0000354,Crubella,gbM,26,Core: Other
N0.HOG0000354,Athaliana,Unclassified,33,Core: Other
N0.HOG0000354,Ljaponicus,Unclassified,31,Core: Other
N0.HOG0000354,Gmax,Unmethylated,42,Core: Other
N0.HOG0000354,Cclementina,Unclassified,8,Core: Other
N0.HOG0000354,Athaliana,Unmethylated,139,Core: Other
N0.HOG0000354,Mguttatus,gbM,50,Core: Other
N0.HOG0000354,Aipaensis,Unclassified,5,Core: Other
N0.HOG0000354,Mtruncatula,Unmethylated,49,Core: Other
N0.HOG0000354,Fvesca,Unmethylated,33,Core: Other
N0.HOG0000354,Boleracea,gbM,10,Core: Other
N0.HOG0000354,Mtruncatula,Unclassified,54,Core: Other
N0.HOG0000354,Aduranensis,Unclassified,9,Core: Other
N0.HOG0000354,Ljaponicus,Missing,25,Core: Other
N0.HOG0000354,Ljaponicus,Unmethylated,50,Core: Other
N0.HOG0000354,Alyrata,teM,27,Core: Other
N0.HOG0000354,Mtruncatula,gbM,84,Core: Other
N0.HOG0000354,Boleracea,Unmethylated,180,Core: Other
N0.HOG0000354,Esalsugineum,Unmethylated,174,Core: Other
N0.HOG0000354,Athaliana,gbM,10,Core: Other
N0.HOG0000355,Sitalica,Unmethylated,32,Core: Other
N0.HOG0000355,Phallii,Unmethylated,29,Core: Other
N0.HOG0000355,Sbicolor,Unmethylated,31,Core: Other
N0.HOG0000372,Stuberosum,Unclassified,12,Cross-Family
N0.HOG0000382,Bvulgaris,Unmethylated,15,Cross-Family
N0.HOG0000419,Athaliana,Missing,13,Cross-Family
N0.HOG0000435,Cclementina,Unclassified,7,Core: Other
N0.HOG0000438,Ptrichocarpa,Unclassified,4,Cross-Family
N0.HOG0000440,Osativa,Unclassified,13,Cross-Family
N0.HOG0000442,Egrandis,teM,37,Cross-Family
N0.HOG0000442,Brapa,gbM,2,Cross-Family
N0.HOG0000442,Brapa,Unclassified,10,Cross-Family
N0.HOG0000442,Crubella,Unclassified,12,Cross-Family
N0.HOG0000446,Brapa,Unclassified,15,Cross-Family
N0.HOG0000446,Brapa,gbM,2,Cross-Family
N0.HOG0000493,Pvulgaris,Missing,4,Cross-Family
N0.HOG0000499,Ljaponicus,Missing,31,Cross-Family
N0.HOG0000499,Sitalica,teM,94,Cross-Family
N0.HOG0000499,Zmays,teM,502,Cross-Family
N0.HOG0000499,Ljaponicus,teM,84,Cross-Family
N0.HOG0000499,Slycopersicum,teM,83,Cross-Family
N0.HOG0000499,Aduranensis,teM,153,Cross-Family
N0.HOG0000499,Gmax,teM,22,Cross-Family
N0.HOG0000499,Pvirgatum,teM,80,Cross-Family
N0.HOG0000499,Mtruncatula,Missing,138,Cross-Family
N0.HOG0000499,Zmays,Unclassified,7,Cross-Family
N0.HOG0000499,Mtruncatula,teM,78,Cross-Family
N0.HOG0000499,Brapa,teM,72,Cross-Family
N0.HOG0000499,Zmays,Missing,59,Cross-Family
N0.HOG0000500,Boleracea,gbM,8,Core: Other
N0.HOG0000500,Eguineensis,Unmethylated,16,Core: Other
N0.HOG0000501,Zmays,gbM,6,Core: Other
N0.HOG0000501,Osativa,gbM,21,Core: Other
N0.HOG0000501,Sitalica,gbM,12,Core: Other
N0.HOG0000501,Ppersica,gbM,10,Core: Other
N0.HOG0000501,Phallii,gbM,8,Core: Other
N0.HOG0000501,Sviridis,gbM,10,Core: Other
N0.HOG0000503,Gmax,Missing,17,Cross-Family
N0.HOG0000517,Phallii,gbM,8,Cross-Family
N0.HOG0000554,Cpapaya,Missing,8,Cross-Family
N0.HOG0000565,Vvinifera,Missing,33,Cross-Family
N0.HOG0000565,Egrandis,Missing,46,Cross-Family
N0.HOG0000565,Egrandis,teM,32,Cross-Family
N0.HOG0000565,Tcacao,Unclassified,13,Cross-Family
N0.HOG0000566,Vvinifera,Unclassified,7,Cross-Family
N0.HOG0000566,Vvinifera,Missing,16,Cross-Family
N0.HOG0000588,Stuberosum,gbM,17,Cross-Family
N0.HOG0000588,Slycopersicum,gbM,24,Cross-Family
N0.HOG0000628,Tcacao,Missing,41,Cross-Family
N0.HOG0000643,Gmax,teM,36,Cross-Family
N0.HOG0000648,Ppersica,teM,20,Cross-Family
N0.HOG0000650,Macuminata,teM,11,Core: Other
N0.HOG0000650,Macuminata,Missing,17,Core: Other
N0.HOG0000651,Bvulgaris,Unclassified,9,Core: Other
N0.HOG0000651,Zmays,Unclassified,6,Core: Other
N0.HOG0000651,Phallii,Unclassified,7,Core: Other
N0.HOG0000651,Bdistachyon,Unclassified,11,Core: Other
N0.HOG0000675,Brapa,teM,52,Cross-Family
N0.HOG0000675,Brapa,gbM,2,Cross-Family
N0.HOG0000680,Ptrichocarpa,teM,28,Cross-Family
N0.HOG0000681,Graimondii,teM,29,Cross-Family
N0.HOG0000683,Brapa,Missing,5,Cross-Family
N0.HOG0000683,Athaliana,teM,20,Cross-Family
N0.HOG0000683,Brapa,gbM,3,Cross-Family
N0.HOG0000683,Brapa,teM,139,Cross-Family
N0.HOG0000683,Ptrichocarpa,teM,50,Cross-Family
N0.HOG0000684,Bvulgaris,Unclassified,12,Core: Other
N0.HOG0000685,Sitalica,Unmethylated,34,Core: Other
N0.HOG0000685,Stuberosum,Unclassified,13,Core: Other
N0.HOG0000685,Fxananassa,Unclassified,13,Core: Other
N0.HOG0000685,Fvesca,Unmethylated,50,Core: Other
N0.HOG0000685,Slycopersicum,Unmethylated,12,Core: Other
N0.HOG0000685,Sbicolor,Unmethylated,34,Core: Other
N0.HOG0000685,Osativa,Unmethylated,49,Core: Other
N0.HOG0000685,Bdistachyon,Unmethylated,41,Core: Other
N0.HOG0000685,Fxananassa,Unmethylated,149,Core: Other
N0.HOG0000685,Egrandis,Unmethylated,33,Core: Other
N0.HOG0000685,Pvirgatum,gbM,13,Core: Other
N0.HOG0000685,Ppersica,Unmethylated,25,Core: Other
N0.HOG0000685,Mtruncatula,gbM,35,Core: Other
N0.HOG0000685,Stuberosum,Unmethylated,13,Core: Other
N0.HOG0000685,Sviridis,Unmethylated,37,Core: Other
N0.HOG0000685,Pvirgatum,Unmethylated,66,Core: Other
N0.HOG0000685,Mguttatus,Unclassified,6,Core: Other
N0.HOG0000715,Boleracea,Unmethylated,51,Core: Other
N0.HOG0000715,Egrandis,Missing,58,Core: Other
N0.HOG0000715,Aduranensis,Unmethylated,29,Core: Other
N0.HOG0000715,Egrandis,Unclassified,18,Core: Other
N0.HOG0000715,Stuberosum,gbM,19,Core: Other
N0.HOG0000715,Boleracea,Unclassified,35,Core: Other
N0.HOG0000715,Cclementina,teM,34,Core: Other
N0.HOG0000715,Egrandis,teM,61,Core: Other
N0.HOG0000715,Aipaensis,Unmethylated,30,Core: Other
N0.HOG0000715,Tcacao,Unmethylated,70,Core: Other
N0.HOG0000715,Graimondii,Unmethylated,41,Core: Other
N0.HOG0000715,Crubella,teM,23,Core: Other
N0.HOG0000715,Slycopersicum,Unclassified,19,Core: Other
N0.HOG0000715,Slycopersicum,gbM,25,Core: Other
N0.HOG0000715,Stuberosum,Unclassified,23,Core: Other
N0.HOG0000715,Ptrichocarpa,Unmethylated,73,Core: Other
N0.HOG0000769,Gmax,Unclassified,32,Core: Other
N0.HOG0000769,Mguttatus,teM,60,Core: Other
N0.HOG0000769,Stuberosum,Unclassified,19,Core: Other
N0.HOG0000769,Clanatus,Unclassified,10,Core: Other
N0.HOG0000769,Csativus,gbM,7,Core: Other
N0.HOG0000769,Mesculenta,Unmethylated,37,Core: Other
N0.HOG0000769,Cmelo,gbM,5,Core: Other
N0.HOG0000769,Ppersica,Unclassified,15,Core: Other
N0.HOG0000769,Pvulgaris,Unmethylated,29,Core: Other
N0.HOG0000769,Gmax,Missing,19,Core: Other
N0.HOG0000769,Slycopersicum,Unmethylated,13,Core: Other
N0.HOG0000769,Bvulgaris,Missing,15,Core: Other
N0.HOG0000769,Slycopersicum,Unclassified,18,Core: Other
N0.HOG0000769,Vvinifera,Unmethylated,33,Core: Other
N0.HOG0000769,Mtruncatula,Unclassified,38,Core: Other
N0.HOG0000769,Ljaponicus,Unclassified,10,Core: Other
N0.HOG0000769,Cpapaya,Unmethylated,10,Core: Other
N0.HOG0000769,Cmelo,Unmethylated,21,Core: Other
N0.HOG0000769,Mdomestica,Unmethylated,26,Core: Other
N0.HOG0000769,Mguttatus,Unclassified,7,Core: Other
N0.HOG0000769,Graimondii,gbM,11,Core: Other
N0.HOG0000769,Csativus,Unmethylated,20,Core: Other
N0.HOG0000769,Gmax,Unmethylated,55,Core: Other
N0.HOG0000769,Ptrichocarpa,Missing,13,Core: Other
N0.HOG0000769,Clanatus,gbM,14,Core: Other
N0.HOG0000785,Mesculenta,Missing,40,Cross-Family
N0.HOG0000785,Mesculenta,teM,20,Cross-Family
N0.HOG0000789,Cpapaya,Unclassified,7,Cross-Family
N0.HOG0000789,Cpapaya,gbM,16,Cross-Family
N0.HOG0000791,Cpapaya,Unclassified,14,Cross-Family
N0.HOG0000791,Cpapaya,gbM,23,Cross-Family
N0.HOG0000791,Bdistachyon,teM,52,Cross-Family
N0.HOG0000794,Mtruncatula,Missing,87,Cross-Family
N0.HOG0000794,Esalsugineum,teM,51,Cross-Family
N0.HOG0000794,Gmax,teM,55,Cross-Family
N0.HOG0000794,Brapa,teM,90,Cross-Family
N0.HOG0000794,Fvesca,Missing,7,Cross-Family
N0.HOG0000794,Crubella,teM,32,Cross-Family
N0.HOG0000795,Tcacao,teM,84,Cross-Family
N0.HOG0000820,Cpapaya,Unclassified,9,Cross-Family
N0.HOG0000824,Cpapaya,Unclassified,24,Cross-Family
N0.HOG0000824,Cpapaya,gbM,63,Cross-Family
N0.HOG0000852,Cpapaya,gbM,15,Cross-Family
N0.HOG0000853,Ptrichocarpa,Unclassified,5,Core: Other
N0.HOG0000856,Egrandis,gbM,10,Core: Other
N0.HOG0000856,Pxbretschneideri,gbM,6,Core: Other
N0.HOG0000904,Cclementina,Unmethylated,47,Cross-Family
N0.HOG0000971,Ptrichocarpa,gbM,5,Core: Other
N0.HOG0000974,Bvulgaris,Unmethylated,13,Cross-Family
N0.HOG0000974,Athaliana,gbM,6,Cross-Family
N0.HOG0000974,Bvulgaris,Missing,31,Cross-Family
N0.HOG0000974,Aduranensis,Unclassified,12,Cross-Family
N0.HOG0000974,Athaliana,Unclassified,16,Cross-Family
N0.HOG0000974,Pxbretschneideri,gbM,9,Cross-Family
N0.HOG0000974,Aipaensis,gbM,12,Cross-Family
N0.HOG0000974,Bvulgaris,Unclassified,9,Cross-Family
N0.HOG0000974,Crubella,gbM,13,Cross-Family
N0.HOG0000974,Aduranensis,gbM,10,Cross-Family
N0.HOG0000974,Mesculenta,Missing,74,Cross-Family
N0.HOG0000974,Cclementina,gbM,13,Cross-Family
N0.HOG0000974,Aipaensis,Unclassified,23,Cross-Family
N0.HOG0000974,Mesculenta,Unclassified,11,Cross-Family
N0.HOG0000974,Graimondii,Unclassified,14,Cross-Family
N0.HOG0000974,Graimondii,gbM,21,Cross-Family
N0.HOG0000974,Ptrichocarpa,Unclassified,8,Cross-Family
N0.HOG0000974,Mdomestica,Unclassified,14,Cross-Family
N0.HOG0000974,Gmax,Unclassified,8,Cross-Family
N0.HOG0000974,Alyrata,gbM,17,Cross-Family
N0.HOG0000975,Sbicolor,gbM,12,Cross-Family
N0.HOG0000990,Pvirgatum,teM,55,Cross-Family
N0.HOG0000990,Sitalica,gbM,13,Cross-Family
N0.HOG0000990,Sviridis,teM,40,Cross-Family
N0.HOG0000990,Brapa,gbM,2,Cross-Family
N0.HOG0000990,Bdistachyon,teM,138,Cross-Family
N0.HOG0000990,Sbicolor,Unclassified,10,Cross-Family
N0.HOG0000990,Sviridis,gbM,9,Cross-Family
N0.HOG0000990,Brapa,teM,61,Cross-Family
N0.HOG0000990,Boleracea,gbM,8,Cross-Family
N0.HOG0000990,Sviridis,Unmethylated,41,Cross-Family
N0.HOG0000990,Pvirgatum,Unclassified,32,Cross-Family
N0.HOG0000999,Sviridis,Missing,11,Cross-Family
N0.HOG0001027,Pxbretschneideri,teM,24,Cross-Family
N0.HOG0001027,Mdomestica,Missing,9,Cross-Family
N0.HOG0001027,Tcacao,gbM,15,Cross-Family
N0.HOG0001027,Tcacao,Unclassified,20,Cross-Family
N0.HOG0001027,Bvulgaris,Missing,15,Cross-Family
N0.HOG0001027,Tcacao,teM,92,Cross-Family
N0.HOG0001027,Csativus,teM,20,Cross-Family
N0.HOG0001027,Tcacao,Missing,38,Cross-Family
N0.HOG0001027,Mdomestica,teM,76,Cross-Family
N0.HOG0001027,Tcacao,Unmethylated,85,Cross-Family
N0.HOG0001053,Pvulgaris,Missing,4,Core: Other
N0.HOG0001058,Graimondii,teM,45,Cross-Family
N0.HOG0001070,Gmax,Unclassified,8,Cross-Family
N0.HOG0001098,Esalsugineum,gbM,2,Core: Other
N0.HOG0001109,Fxananassa,gbM,17,Cross-Family
N0.HOG0001109,Mesculenta,Unmethylated,35,Cross-Family
N0.HOG0001109,Cclementina,Missing,9,Cross-Family
N0.HOG0001109,Fvesca,Unmethylated,33,Cross-Family
N0.HOG0001109,Mesculenta,teM,19,Cross-Family
N0.HOG0001109,Aipaensis,gbM,8,Cross-Family
N0.HOG0001109,Aduranensis,gbM,10,Cross-Family
N0.HOG0001109,Cclementina,Unmethylated,72,Cross-Family
N0.HOG0001109,Fvesca,gbM,14,Cross-Family
N0.HOG0001109,Mesculenta,Unclassified,6,Cross-Family
N0.HOG0001109,Ptrichocarpa,Unclassified,4,Cross-Family
N0.HOG0001135,Mdomestica,Missing,7,Core: Other
N0.HOG0001135,Egrandis,Unclassified,26,Core: Other
N0.HOG0001135,Cclementina,Unclassified,7,Core: Other
N0.HOG0001135,Cclementina,teM,34,Core: Other
N0.HOG0001135,Gmax,Unmethylated,49,Core: Other
N0.HOG0001135,Egrandis,teM,65,Core: Other
N0.HOG0001135,Vvinifera,teM,15,Core: Other
N0.HOG0001135,Aduranensis,Unmethylated,23,Core: Other
N0.HOG0001135,Egrandis,Missing,36,Core: Other
N0.HOG0001136,Bvulgaris,gbM,5,Core: Other
N0.HOG0001136,Gmax,Unclassified,8,Core: Other
N0.HOG0001136,Pvirgatum,gbM,20,Core: Other
N0.HOG0001136,Osativa,gbM,24,Core: Other
N0.HOG0001136,Aipaensis,gbM,7,Core: Other
N0.HOG0001136,Tcacao,gbM,18,Core: Other
N0.HOG0001136,Alyrata,gbM,12,Core: Other
N0.HOG0001136,Csativus,gbM,11,Core: Other
N0.HOG0001136,Sbicolor,gbM,21,Core: Other
N0.HOG0001136,Graimondii,gbM,20,Core: Other
N0.HOG0001136,Gmax,gbM,23,Core: Other
N0.HOG0001136,Pvulgaris,Unclassified,3,Core: Other
N0.HOG0001136,Zmays,gbM,12,Core: Other
N0.HOG0001136,Clanatus,gbM,8,Core: Other
N0.HOG0001136,Ptrichocarpa,gbM,10,Core: Other
N0.HOG0001136,Bdistachyon,gbM,23,Core: Other
N0.HOG0001136,Pvulgaris,gbM,6,Core: Other
N0.HOG0001136,Cmelo,gbM,7,Core: Other
N0.HOG0001136,Mdomestica,gbM,23,Core: Other
N0.HOG0001136,Athaliana,gbM,9,Core: Other
N0.HOG0001136,Egrandis,gbM,12,Core: Other
N0.HOG0001136,Mesculenta,gbM,16,Core: Other
N0.HOG0001136,Cclementina,gbM,11,Core: Other
N0.HOG0001136,Phallii,gbM,25,Core: Other
N0.HOG0001136,Sviridis,gbM,25,Core: Other
N0.HOG0001136,Ppersica,gbM,19,Core: Other
N0.HOG0001136,Pxbretschneideri,gbM,10,Core: Other
N0.HOG0001136,Crubella,gbM,11,Core: Other
N0.HOG0001136,Sitalica,gbM,21,Core: Other
N0.HOG0001136,Vvinifera,gbM,16,Core: Other
N0.HOG0001142,Cmelo,Unmethylated,13,Cross-Family
N0.HOG0001142,Ppersica,Unclassified,13,Cross-Family
N0.HOG0001142,Mdomestica,teM,35,Cross-Family
N0.HOG0001145,Cclementina,gbM,14,Core: Other
N0.HOG0001145,Bvulgaris,gbM,5,Core: Other
N0.HOG0001145,Egrandis,gbM,10,Core: Other
N0.HOG0001145,Graimondii,gbM,9,Core: Other
N0.HOG0001145,Phallii,gbM,8,Core: Other
N0.HOG0001212,Boleracea,teM,1195,Cross-Family
N0.HOG0001212,Boleracea,Missing,54,Cross-Family
N0.HOG0001212,Pxbretschneideri,Missing,22,Cross-Family
N0.HOG0001212,Pxbretschneideri,teM,17,Cross-Family
N0.HOG0001245,Cpapaya,teM,154,Cross-Family
N0.HOG0001247,Cpapaya,teM,135,Cross-Family
N0.HOG0001247,Pxbretschneideri,Missing,14,Cross-Family
N0.HOG0001247,Cpapaya,Unmethylated,18,Cross-Family
N0.HOG0001274,Stuberosum,Unmethylated,13,Core: Other
N0.HOG0001274,Mesculenta,Unclassified,5,Core: Other
N0.HOG0001274,Eguineensis,Unclassified,8,Core: Other
N0.HOG0001286,Gmax,teM,19,Cross-Family
N0.HOG0001310,Macuminata,teM,5,Cross-Family
N0.HOG0001327,Mdomestica,gbM,8,Core: Other
N0.HOG0001327,Cmelo,gbM,6,Core: Other
N0.HOG0001327,Csativus,gbM,6,Core: Other
N0.HOG0001327,Bvulgaris,Missing,14,Core: Other
N0.HOG0001327,Slycopersicum,teM,96,Core: Other
N0.HOG0001327,Bvulgaris,teM,43,Core: Other
N0.HOG0001327,Bvulgaris,gbM,5,Core: Other
N0.HOG0001327,Zmays,gbM,7,Core: Other
N0.HOG0001327,Gmax,gbM,8,Core: Other
N0.HOG0001332,Ljaponicus,Unmethylated,19,Core: Other
N0.HOG0001332,Ljaponicus,gbM,14,Core: Other
N0.HOG0001332,Ppersica,Unmethylated,23,Core: Other
N0.HOG0001332,Fvesca,gbM,9,Core: Other
N0.HOG0001351,Vvinifera,teM,15,Core: Other
N0.HOG0001351,Cclementina,Unmethylated,47,Core: Other
N0.HOG0001351,Atrichopoda,gbM,12,Core: Other
N0.HOG0001351,Vvinifera,Unmethylated,31,Core: Other
N0.HOG0001351,Vvinifera,Unclassified,11,Core: Other
N0.HOG0001351,Atrichopoda,Unclassified,11,Core: Other
N0.HOG0001384,Aduranensis,Missing,13,Cross-Family
N0.HOG0001384,Gmax,Missing,17,Cross-Family
N0.HOG0001384,Cclementina,teM,27,Cross-Family
N0.HOG0001386,Cclementina,teM,30,Cross-Family
N0.HOG0001391,Cclementina,teM,23,Cross-Family
N0.HOG0001391,Graimondii,teM,29,Cross-Family
N0.HOG0001393,Cmelo,Unclassified,7,Core: Other
N0.HOG0001393,Phallii,Unmethylated,28,Core: Other
N0.HOG0001393,Graimondii,Missing,13,Core: Other
N0.HOG0001393,Gmax,Unmethylated,46,Core: Other
N0.HOG0001393,Clanatus,Unmethylated,10,Core: Other
N0.HOG0001424,Crubella,Unmethylated,46,Cross-Family
N0.HOG0001424,Brapa,Unmethylated,66,Cross-Family
N0.HOG0001424,Csativus,teM,11,Cross-Family
N0.HOG0001424,Mtruncatula,Unmethylated,32,Cross-Family
N0.HOG0001424,Cclementina,Missing,8,Cross-Family
N0.HOG0001424,Mguttatus,teM,85,Cross-Family
N0.HOG0001424,Pvulgaris,teM,49,Cross-Family
N0.HOG0001424,Boleracea,Unmethylated,52,Cross-Family
N0.HOG0001424,Mdomestica,Unmethylated,28,Cross-Family
N0.HOG0001424,Clanatus,Unmethylated,12,Cross-Family
N0.HOG0001424,Athaliana,teM,23,Cross-Family
N0.HOG0001424,Clanatus,Missing,3,Cross-Family
N0.HOG0001424,Csativus,gbM,7,Cross-Family
N0.HOG0001424,Ppersica,Unmethylated,33,Cross-Family
N0.HOG0001427,Graimondii,Unmethylated,48,Cross-Family
N0.HOG0001432,Egrandis,Missing,38,Cross-Family
N0.HOG0001453,Stuberosum,Unmethylated,11,Core: Other
N0.HOG0001453,Slycopersicum,Unclassified,14,Core: Other
N0.HOG0001455,Bdistachyon,Unclassified,13,Cross-Family
N0.HOG0001455,Atrichopoda,Missing,15,Cross-Family
N0.HOG0001455,Sitalica,Unclassified,15,Cross-Family
N0.HOG0001455,Phallii,Unclassified,9,Cross-Family
N0.HOG0001455,Sviridis,Unclassified,14,Cross-Family
N0.HOG0001459,Cmelo,Unmethylated,18,Core: Other
N0.HOG0001459,Csativus,Unmethylated,27,Core: Other
N0.HOG0001459,Pxbretschneideri,Unmethylated,14,Core: Other
N0.HOG0001459,Csativus,Unclassified,7,Core: Other
N0.HOG0001459,Ljaponicus,Unclassified,8,Core: Other
N0.HOG0001460,Egrandis,Unmethylated,34,Cross-Family
N0.HOG0001460,Osativa,Unmethylated,32,Cross-Family
N0.HOG0001461,Vvinifera,Unmethylated,30,Cross-Family
N0.HOG0001463,Aduranensis,Unmethylated,23,Core: Other
N0.HOG0001463,Stuberosum,gbM,22,Core: Other
N0.HOG0001463,Slycopersicum,gbM,16,Core: Other
N0.HOG0001478,Cpapaya,Unmethylated,10,Core: Other
N0.HOG0001478,Eguineensis,Unmethylated,20,Core: Other
N0.HOG0001478,Macuminata,Unmethylated,23,Core: Other
N0.HOG0001478,Egrandis,Unmethylated,26,Core: Other
N0.HOG0001478,Ljaponicus,Unmethylated,23,Core: Other
N0.HOG0001478,Clanatus,Unmethylated,13,Core: Other
N0.HOG0001478,Pvulgaris,Unmethylated,29,Core: Other
N0.HOG0001478,Cmelo,Unmethylated,14,Core: Other
N0.HOG0001479,Mguttatus,Unmethylated,7,Core: Other
N0.HOG0001479,Clanatus,Missing,3,Core: Other
N0.HOG0001479,Cpapaya,Unmethylated,12,Core: Other
N0.HOG0001487,Alyrata,Missing,9,Core: Other
N0.HOG0001487,Pvirgatum,teM,57,Core: Other
N0.HOG0001487,Alyrata,teM,20,Core: Other
N0.HOG0001495,Clanatus,teM,10,Cross-Family
N0.HOG0001506,Ppersica,teM,28,Cross-Family
N0.HOG0001511,Csativus,Missing,19,Core: Other
N0.HOG0001511,Cmelo,Missing,33,Core: Other
N0.HOG0001530,Egrandis,Unmethylated,28,Cross-Family
N0.HOG0001556,Crubella,gbM,14,Cross-Family
N0.HOG0001556,Boleracea,Unmethylated,118,Cross-Family
N0.HOG0001556,Athaliana,Unmethylated,92,Cross-Family
N0.HOG0001556,Crubella,Unclassified,26,Cross-Family
N0.HOG0001556,Boleracea,Unclassified,33,Cross-Family
N0.HOG0001556,Esalsugineum,teM,41,Cross-Family
N0.HOG0001556,Alyrata,Unclassified,25,Cross-Family
N0.HOG0001556,Esalsugineum,Unclassified,7,Cross-Family
N0.HOG0001556,Esalsugineum,gbM,2,Cross-Family
N0.HOG0001556,Brapa,Unmethylated,145,Cross-Family
N0.HOG0001556,Crubella,teM,31,Cross-Family
N0.HOG0001556,Crubella,Unmethylated,138,Cross-Family
N0.HOG0001556,Alyrata,Unmethylated,143,Cross-Family
N0.HOG0001556,Esalsugineum,Unmethylated,135,Cross-Family
N0.HOG0001586,Atrichopoda,Missing,11,Cross-Family
N0.HOG0001612,Zmays,Unmethylated,28,Cross-Family
N0.HOG0001658,Cmelo,gbM,5,Cross-Family
N0.HOG0001665,Csativus,Unclassified,5,Core: Other
N0.HOG0001665,Sbicolor,Missing,19,Core: Other
N0.HOG0001665,Osativa,Unmethylated,27,Core: Other
N0.HOG0001665,Cmelo,Unmethylated,15,Core: Other
N0.HOG0001665,Brapa,Missing,5,Core: Other
N0.HOG0001716,Sbicolor,Missing,17,Cross-Family
N0.HOG0001720,Pvulgaris,Missing,4,Cross-Family
N0.HOG0001726,Esalsugineum,Missing,5,Cross-Family
N0.HOG0001727,Sbicolor,teM,15,Cross-Family
N0.HOG0001732,Ljaponicus,Missing,20,Cross-Family
N0.HOG0001733,Pvirgatum,teM,51,Cross-Family
N0.HOG0001733,Sbicolor,teM,20,Cross-Family
N0.HOG0001764,Pvirgatum,gbM,17,Core: Other
N0.HOG0001764,Sviridis,gbM,9,Core: Other
N0.HOG0001776,Osativa,Unmethylated,27,Core: Other
N0.HOG0001776,Bvulgaris,Unmethylated,16,Core: Other
N0.HOG0001800,Macuminata,gbM,9,Core: Other
N0.HOG0001804,Pvirgatum,Unclassified,19,Cross-Family
N0.HOG0001804,Sitalica,Unclassified,11,Cross-Family
N0.HOG0001804,Phallii,Unmethylated,32,Cross-Family
N0.HOG0001804,Sviridis,Unclassified,18,Cross-Family
N0.HOG0001804,Zmays,Unclassified,6,Cross-Family
N0.HOG0001806,Sviridis,gbM,10,Cross-Family
N0.HOG0001806,Sbicolor,gbM,11,Cross-Family
N0.HOG0001806,Sitalica,gbM,13,Cross-Family
N0.HOG0001806,Osativa,gbM,16,Cross-Family
N0.HOG0001807,Mguttatus,gbM,51,Cross-Family
N0.HOG0001807,Ppersica,gbM,11,Cross-Family
N0.HOG0001811,Pvulgaris,gbM,4,Core: Other
N0.HOG0001821,Macuminata,teM,5,Cross-Family
N0.HOG0001824,Clanatus,Missing,6,Core: Other
N0.HOG0001824,Mesculenta,teM,22,Core: Other
N0.HOG0001824,Clanatus,teM,17,Core: Other
N0.HOG0001824,Mesculenta,Missing,112,Core: Other
N0.HOG0001824,Ppersica,Missing,10,Core: Other
N0.HOG0001825,Slycopersicum,Unmethylated,13,Core: Other
N0.HOG0001825,Csativus,Unmethylated,22,Core: Other
N0.HOG0001825,Bvulgaris,Missing,19,Core: Other
N0.HOG0001825,Slycopersicum,Unclassified,14,Core: Other
N0.HOG0001825,Clanatus,gbM,6,Core: Other
N0.HOG0001853,Cmelo,teM,174,Cross-Family
N0.HOG0001853,Csativus,teM,25,Cross-Family
N0.HOG0001853,Ppersica,teM,31,Cross-Family
N0.HOG0001853,Ppersica,Missing,34,Cross-Family
N0.HOG0001853,Cmelo,Unclassified,8,Cross-Family
N0.HOG0001864,Slycopersicum,teM,57,Cross-Family
N0.HOG0001864,Slycopersicum,Missing,17,Cross-Family
N0.HOG0001900,Egrandis,Unclassified,17,Core: Other
N0.HOG0001912,Sbicolor,teM,16,Cross-Family
N0.HOG0001913,Aipaensis,teM,353,Cross-Family
N0.HOG0001913,Aduranensis,teM,285,Cross-Family
N0.HOG0001914,Gmax,gbM,8,Core: Other
N0.HOG0001926,Graimondii,teM,35,Core: Other
N0.HOG0001926,Tcacao,Missing,42,Core: Other
N0.HOG0001926,Pxbretschneideri,Missing,18,Core: Other
N0.HOG0001926,Tcacao,teM,44,Core: Other
N0.HOG0001926,Pxbretschneideri,teM,21,Core: Other
N0.HOG0001926,Tcacao,Unclassified,20,Core: Other
N0.HOG0001937,Mguttatus,Unmethylated,8,Core: Other
N0.HOG0001961,Sitalica,Unmethylated,36,Core: Other
N0.HOG0001961,Zmays,Unmethylated,24,Core: Other
N0.HOG0001961,Sviridis,Unmethylated,34,Core: Other
N0.HOG0001961,Phallii,Unmethylated,28,Core: Other
N0.HOG0001964,Zmays,Unmethylated,22,Cross-Family
N0.HOG0001975,Macuminata,Unclassified,7,Core: Other
N0.HOG0001988,Ptrichocarpa,gbM,6,Core: Other
N0.HOG0001996,Mguttatus,Missing,11,Cross-Family
N0.HOG0001996,Mguttatus,teM,87,Cross-Family
N0.HOG0001997,Clanatus,Unclassified,8,Core: Other
N0.HOG0001997,Vvinifera,Unclassified,8,Core: Other
N0.HOG0002001,Clanatus,teM,10,Cross-Family
N0.HOG0002082,Atrichopoda,Unclassified,11,Core: Other
N0.HOG0002103,Clanatus,Unmethylated,10,Cross-Family
N0.HOG0002105,Cmelo,Missing,48,Cross-Family
N0.HOG0002105,Cmelo,teM,307,Cross-Family
N0.HOG0002105,Cmelo,Unclassified,5,Cross-Family
N0.HOG0002167,Mguttatus,Unmethylated,8,Core: Other
N0.HOG0002171,Pvirgatum,Unmethylated,60,Cross-Family
N0.HOG0002173,Tcacao,Unclassified,19,Cross-Family
N0.HOG0002173,Tcacao,Unmethylated,122,Cross-Family
N0.HOG0002173,Tcacao,teM,66,Cross-Family
N0.HOG0002173,Tcacao,gbM,7,Cross-Family
N0.HOG0002179,Cpapaya,Missing,22,Cross-Family
N0.HOG0002179,Cpapaya,teM,291,Cross-Family
N0.HOG0002200,Ppersica,teM,24,Core: Other
N0.HOG0002200,Pxbretschneideri,Unmethylated,13,Core: Other
N0.HOG0002200,Pxbretschneideri,Unclassified,14,Core: Other
N0.HOG0002230,Ppersica,Missing,6,Core: Other
N0.HOG0002272,Atrichopoda,gbM,12,Core: Other
N0.HOG0002289,Gmax,teM,23,Cross-Family
N0.HOG0002289,Graimondii,teM,44,Cross-Family
N0.HOG0002289,Aduranensis,teM,245,Cross-Family
N0.HOG0002289,Ptrichocarpa,teM,50,Cross-Family
N0.HOG0002289,Aipaensis,teM,231,Cross-Family
N0.HOG0002304,Ptrichocarpa,teM,28,Cross-Family
N0.HOG0002304,Mesculenta,Unclassified,6,Cross-Family
N0.HOG0002326,Clanatus,teM,28,Cross-Family
N0.HOG0002326,Clanatus,Missing,4,Cross-Family
N0.HOG0002326,Cmelo,teM,189,Cross-Family
N0.HOG0002326,Cmelo,Missing,52,Cross-Family
N0.HOG0002354,Graimondii,Missing,6,Core: Other
N0.HOG0002354,Egrandis,Unclassified,20,Core: Other
N0.HOG0002354,Pvulgaris,Missing,6,Core: Other
N0.HOG0002385,Brapa,gbM,2,Core: Other
N0.HOG0002454,Cclementina,Unclassified,8,Core: Other
N0.HOG0002454,Ljaponicus,Unmethylated,19,Core: Other
N0.HOG0002455,Pvulgaris,Missing,6,Core: Other
N0.HOG0002455,Brapa,Missing,4,Core: Other
N0.HOG0002455,Sbicolor,Missing,11,Core: Other
N0.HOG0002455,Crubella,Missing,3,Core: Other
N0.HOG0002502,Zmays,Unclassified,6,Core: Other
N0.HOG0002575,Brapa,Unmethylated,83,Cross-Family
N0.HOG0002575,Esalsugineum,Unclassified,14,Cross-Family
N0.HOG0002575,Athaliana,Unmethylated,37,Cross-Family
N0.HOG0002575,Esalsugineum,Unmethylated,70,Cross-Family
N0.HOG0002575,Athaliana,Unclassified,12,Cross-Family
N0.HOG0002575,Athaliana,Missing,8,Cross-Family
N0.HOG0002575,Alyrata,Unclassified,20,Cross-Family
N0.HOG0002575,Boleracea,Unmethylated,98,Cross-Family
N0.HOG0002575,Esalsugineum,teM,37,Cross-Family
N0.HOG0002575,Alyrata,Unmethylated,106,Cross-Family
N0.HOG0002575,Athaliana,teM,39,Cross-Family
N0.HOG0002575,Crubella,Unmethylated,62,Cross-Family
N0.HOG0002575,Boleracea,Unclassified,28,Cross-Family
N0.HOG0002575,Crubella,Unclassified,13,Cross-Family
N0.HOG0002575,Crubella,gbM,12,Cross-Family
N0.HOG0002575,Crubella,teM,25,Cross-Family
N0.HOG0002576,Boleracea,gbM,28,Cross-Family
N0.HOG0002576,Boleracea,teM,630,Cross-Family
N0.HOG0002576,Boleracea,Missing,54,Cross-Family
N0.HOG0002602,Cpapaya,Missing,8,Cross-Family
N0.HOG0002610,Macuminata,gbM,9,Core: Other
N0.HOG0002636,Pvulgaris,Unclassified,3,Core: Other
N0.HOG0002639,Mdomestica,gbM,8,Core: Other
N0.HOG0002639,Athaliana,gbM,6,Core: Other
N0.HOG0002639,Ptrichocarpa,gbM,5,Core: Other
N0.HOG0002639,Gmax,gbM,10,Core: Other
N0.HOG0002639,Mesculenta,gbM,6,Core: Other
N0.HOG0002639,Eguineensis,gbM,4,Core: Other
N0.HOG0002639,Zmays,gbM,6,Core: Other
N0.HOG0002639,Pvulgaris,gbM,5,Core: Other
N0.HOG0002663,Brapa,gbM,3,Cross-Family
N0.HOG0002727,Slycopersicum,Unmethylated,14,Core: Other
N0.HOG0002728,Stuberosum,Missing,327,Cross-Family
N0.HOG0002728,Stuberosum,teM,366,Cross-Family
N0.HOG0002729,Bdistachyon,Unmethylated,27,Core: Other
N0.HOG0002729,Sbicolor,Missing,11,Core: Other
N0.HOG0002729,Clanatus,Unmethylated,11,Core: Other
N0.HOG0002736,Stuberosum,teM,283,Cross-Family
N0.HOG0002736,Stuberosum,Missing,399,Cross-Family
N0.HOG0002745,Slycopersicum,Missing,14,Family Specific
N0.HOG0002753,Slycopersicum,Missing,26,Cross-Family
N0.HOG0002756,Phallii,teM,53,Cross-Family
N0.HOG0002756,Pvirgatum,Unclassified,28,Cross-Family
N0.HOG0002756,Pvirgatum,Missing,309,Cross-Family
N0.HOG0002756,Pvirgatum,teM,107,Cross-Family
N0.HOG0002791,Ppersica,Missing,8,Core: Other
N0.HOG0002793,Graimondii,Unclassified,9,Cross-Family
N0.HOG0002793,Brapa,gbM,2,Cross-Family
N0.HOG0002793,Athaliana,Unmethylated,107,Cross-Family
N0.HOG0002793,Crubella,Unmethylated,50,Cross-Family
N0.HOG0002793,Esalsugineum,Unmethylated,56,Cross-Family
N0.HOG0002827,Vvinifera,gbM,13,Cross-Family
N0.HOG0002827,Tcacao,gbM,9,Cross-Family
N0.HOG0002827,Mesculenta,gbM,10,Cross-Family
N0.HOG0002839,Macuminata,gbM,10,Core: Other
N0.HOG0002839,Zmays,gbM,8,Core: Other
N0.HOG0002886,Zmays,gbM,7,Core: Other
N0.HOG0002928,Cpapaya,Unmethylated,25,Cross-Family
N0.HOG0003010,Pvulgaris,teM,78,Cross-Family
N0.HOG0003028,Cmelo,Missing,28,Cross-Family
N0.HOG0003028,Fxananassa,teM,156,Cross-Family
N0.HOG0003028,Fxananassa,Missing,84,Cross-Family
N0.HOG0003074,Stuberosum,Unclassified,15,Core: Other
N0.HOG0003074,Bdistachyon,gbM,15,Core: Other
N0.HOG0003074,Slycopersicum,Unclassified,15,Core: Other
N0.HOG0003083,Osativa,Unclassified,19,Family Specific
N0.HOG0003083,Osativa,teM,355,Family Specific
N0.HOG0003083,Sviridis,teM,47,Family Specific
N0.HOG0003083,Osativa,Missing,98,Family Specific
N0.HOG0003123,Osativa,Unclassified,13,Cross-Family
N0.HOG0003123,Sitalica,Unmethylated,41,Cross-Family
N0.HOG0003123,Bdistachyon,gbM,15,Cross-Family
N0.HOG0003123,Bdistachyon,Unmethylated,36,Cross-Family
N0.HOG0003123,Sitalica,Unclassified,15,Cross-Family
N0.HOG0003123,Phallii,Unmethylated,30,Cross-Family
N0.HOG0003123,Pvirgatum,Unmethylated,86,Cross-Family
N0.HOG0003123,Sviridis,Unclassified,14,Cross-Family
N0.HOG0003123,Sbicolor,Unmethylated,53,Cross-Family
N0.HOG0003123,Bdistachyon,Unclassified,43,Cross-Family
N0.HOG0003123,Sviridis,Unmethylated,47,Cross-Family
N0.HOG0003123,Phallii,Unclassified,9,Cross-Family
N0.HOG0003144,Sitalica,Missing,14,Cross-Family
N0.HOG0003149,Ptrichocarpa,Unclassified,6,Cross-Family
N0.HOG0003189,Macuminata,Missing,10,Core: Other
N0.HOG0003196,Vvinifera,Missing,16,Cross-Family
N0.HOG0003257,Stuberosum,Unmethylated,13,Cross-Family
N0.HOG0003257,Esalsugineum,Missing,9,Cross-Family
N0.HOG0003284,Ptrichocarpa,gbM,5,Core: Other
N0.HOG0003332,Phallii,gbM,8,Cross-Family
N0.HOG0003347,Ptrichocarpa,Missing,19,Cross-Family
N0.HOG0003347,Esalsugineum,Missing,15,Cross-Family
N0.HOG0003347,Brapa,Missing,4,Cross-Family
N0.HOG0003347,Esalsugineum,Unclassified,6,Cross-Family
N0.HOG0003347,Alyrata,Missing,23,Cross-Family
N0.HOG0003347,Athaliana,teM,27,Cross-Family
N0.HOG0003347,Crubella,Unclassified,15,Cross-Family
N0.HOG0003347,Crubella,Missing,9,Cross-Family
N0.HOG0003368,Zmays,gbM,6,Core: Other
N0.HOG0003368,Gmax,gbM,9,Core: Other
N0.HOG0003368,Pvulgaris,Unclassified,3,Core: Other
N0.HOG0003368,Ptrichocarpa,gbM,5,Core: Other
N0.HOG0003369,Stuberosum,teM,316,Species/Lineage Specific
N0.HOG0003369,Stuberosum,Missing,229,Species/Lineage Specific
N0.HOG0003378,Alyrata,Unclassified,14,Cross-Family
N0.HOG0003378,Esalsugineum,Unmethylated,40,Cross-Family
N0.HOG0003378,Athaliana,Unmethylated,36,Cross-Family
N0.HOG0003378,Alyrata,Unmethylated,37,Cross-Family
N0.HOG0003389,Stuberosum,Unmethylated,11,Core: Other
N0.HOG0003389,Slycopersicum,Unmethylated,11,Core: Other
N0.HOG0003460,Ptrichocarpa,gbM,5,Core: Other
N0.HOG0003460,Graimondii,gbM,9,Core: Other
N0.HOG0003461,Gmax,gbM,8,Core: Other
N0.HOG0003496,Slycopersicum,gbM,15,Cross-Family
N0.HOG0003602,Bdistachyon,Unmethylated,27,Cross-Family
N0.HOG0003602,Sbicolor,Unmethylated,28,Cross-Family
N0.HOG0003602,Osativa,Unmethylated,28,Cross-Family
N0.HOG0003603,Sbicolor,Unmethylated,34,Cross-Family
N0.HOG0003603,Sbicolor,Unclassified,11,Cross-Family
N0.HOG0003603,Bdistachyon,Unclassified,21,Cross-Family
N0.HOG0003603,Sviridis,Unmethylated,50,Cross-Family
N0.HOG0003603,Sviridis,Unclassified,11,Cross-Family
N0.HOG0003603,Sitalica,Unmethylated,45,Cross-Family
N0.HOG0003603,Pvirgatum,Unmethylated,66,Cross-Family
N0.HOG0003603,Phallii,Unclassified,14,Cross-Family
N0.HOG0003603,Bdistachyon,Unmethylated,36,Cross-Family
N0.HOG0003603,Phallii,Unmethylated,28,Cross-Family
N0.HOG0003603,Sitalica,Unclassified,12,Cross-Family
N0.HOG0003628,Vvinifera,teM,33,Core: Other
N0.HOG0003629,Crubella,Missing,3,Core: Other
N0.HOG0003761,Mtruncatula,gbM,38,Cross-Family
N0.HOG0003763,Csativus,teM,14,Cross-Family
N0.HOG0003802,Cmelo,Unmethylated,13,Core: Other
N0.HOG0003907,Pvirgatum,gbM,13,Cross-Family
N0.HOG0003907,Sviridis,Unclassified,11,Cross-Family
N0.HOG0003907,Osativa,Unclassified,12,Cross-Family
N0.HOG0003907,Sbicolor,gbM,11,Cross-Family
N0.HOG0003907,Bdistachyon,Unclassified,10,Cross-Family
N0.HOG0003907,Sbicolor,Unclassified,10,Cross-Family
N0.HOG0003908,Osativa,Unclassified,13,Cross-Family
N0.HOG0003944,Ptrichocarpa,Unclassified,4,Core: Other
N0.HOG0003966,Eguineensis,teM,100,Species/Lineage Specific
N0.HOG0003966,Eguineensis,Unclassified,31,Species/Lineage Specific
N0.HOG0003966,Eguineensis,Missing,307,Species/Lineage Specific
N0.HOG0003969,Mdomestica,gbM,10,Core: Other
N0.HOG0003969,Aipaensis,Unclassified,5,Core: Other
N0.HOG0003969,Ptrichocarpa,gbM,6,Core: Other
N0.HOG0003969,Pxbretschneideri,gbM,6,Core: Other
N0.HOG0003979,Mguttatus,Unmethylated,9,Core: Other
N0.HOG0003981,Csativus,Unmethylated,15,Core: Other
N0.HOG0004084,Stuberosum,Unmethylated,13,Cross-Family
N0.HOG0004084,Mguttatus,gbM,71,Cross-Family
N0.HOG0004084,Stuberosum,gbM,17,Cross-Family
N0.HOG0004084,Cclementina,gbM,11,Cross-Family
N0.HOG0004085,Boleracea,teM,380,Cross-Family
N0.HOG0004125,Slycopersicum,Unmethylated,11,Core: Other
N0.HOG0004128,Clanatus,teM,10,Core: Other
N0.HOG0004140,Macuminata,Unmethylated,30,Core: Other
N0.HOG0004140,Zmays,Unmethylated,22,Core: Other
N0.HOG0004158,Zmays,Unmethylated,24,Core: Other
N0.HOG0004159,Mtruncatula,Unmethylated,210,Species/Lineage Specific
N0.HOG0004159,Mtruncatula,Missing,98,Species/Lineage Specific
N0.HOG0004159,Mtruncatula,Unclassified,33,Species/Lineage Specific
N0.HOG0004159,Mtruncatula,teM,78,Species/Lineage Specific
N0.HOG0004264,Aduranensis,teM,199,Cross-Family
N0.HOG0004264,Aipaensis,teM,197,Cross-Family
N0.HOG0004284,Macuminata,Unmethylated,28,Cross-Family
N0.HOG0004284,Bdistachyon,gbM,20,Cross-Family
N0.HOG0004284,Eguineensis,Unmethylated,31,Cross-Family
N0.HOG0004284,Macuminata,Missing,14,Cross-Family
N0.HOG0004306,Brapa,gbM,4,Cross-Family
N0.HOG0004306,Boleracea,gbM,9,Cross-Family
N0.HOG0004369,Zmays,teM,65,Cross-Family
N0.HOG0004371,Boleracea,teM,354,Family Specific
N0.HOG0004374,Aipaensis,Missing,7,Cross-Family
N0.HOG0004434,Zmays,Unclassified,8,Core: Other
N0.HOG0004435,Csativus,teM,11,Core: Other
N0.HOG0004435,Clanatus,teM,10,Core: Other
N0.HOG0004446,Fxananassa,Missing,119,Cross-Family
N0.HOG0004446,Fvesca,teM,35,Cross-Family
N0.HOG0004446,Fxananassa,teM,217,Cross-Family
N0.HOG0004470,Macuminata,Unmethylated,25,Core: Other
N0.HOG0004510,Ptrichocarpa,gbM,5,Core: Other
N0.HOG0004510,Gmax,gbM,8,Core: Other
N0.HOG0004523,Cmelo,Unmethylated,13,Cross-Family
N0.HOG0004540,Ptrichocarpa,Unclassified,4,Core: Other
N0.HOG0004541,Sviridis,Missing,10,Cross-Family
N0.HOG0004607,Vvinifera,Missing,25,Cross-Family
N0.HOG0004607,Vvinifera,teM,15,Cross-Family
N0.HOG0004608,Phallii,teM,61,Cross-Family
N0.HOG0004667,Cclementina,Missing,10,Cross-Family
N0.HOG0004723,Athaliana,Missing,22,Cross-Family
N0.HOG0004723,Brapa,Missing,5,Cross-Family
N0.HOG0004728,Macuminata,teM,5,Cross-Family
N0.HOG0004848,Crubella,Unclassified,12,Core: Other
N0.HOG0004866,Pvirgatum,Unclassified,25,Cross-Family
N0.HOG0004924,Sviridis,teM,94,Cross-Family
N0.HOG0004924,Bdistachyon,teM,50,Cross-Family
N0.HOG0004939,Eguineensis,teM,31,Cross-Family
N0.HOG0004939,Eguineensis,Missing,274,Cross-Family
N0.HOG0004939,Eguineensis,Unclassified,23,Cross-Family
N0.HOG0005089,Bdistachyon,Unclassified,10,Core: Other
N0.HOG0005089,Pvirgatum,Unclassified,19,Core: Other
N0.HOG0005131,Stuberosum,Unmethylated,11,Cross-Family
N0.HOG0005137,Pvulgaris,Missing,4,Core: Other
N0.HOG0005152,Csativus,teM,12,Cross-Family
N0.HOG0005152,Clanatus,teM,10,Cross-Family
N0.HOG0005173,Brapa,Missing,4,Cross-Family
N0.HOG0005180,Macuminata,Unclassified,9,Core: Other
N0.HOG0005193,Cmelo,Unclassified,5,Core: Other
N0.HOG0005228,Clanatus,teM,18,Core: Other
N0.HOG0005236,Macuminata,Unclassified,7,Core: Other
N0.HOG0005246,Pvulgaris,Missing,4,Core: Other
N0.HOG0005338,Eguineensis,gbM,4,Core: Other
N0.HOG0005338,Mdomestica,gbM,8,Core: Other
N0.HOG0005351,Macuminata,teM,5,Core: Other
N0.HOG0005355,Macuminata,Unclassified,7,Core: Other
N0.HOG0005405,Clanatus,teM,11,Core: Other
N0.HOG0005416,Ptrichocarpa,Unclassified,5,Core: Other
N0.HOG0005457,Boleracea,teM,259,Family Specific
N0.HOG0005462,Atrichopoda,Unmethylated,17,Cross-Family
N0.HOG0005468,Aipaensis,teM,197,Cross-Family
N0.HOG0005508,Fxananassa,Unclassified,13,Family Specific
N0.HOG0005508,Fxananassa,teM,183,Family Specific
N0.HOG0005555,Mesculenta,teM,22,Cross-Family
N0.HOG0005607,Ptrichocarpa,Unclassified,4,Core: Other
N0.HOG0005625,Crubella,Missing,4,Cross-Family
N0.HOG0005653,Macuminata,Unclassified,7,Core: Other
N0.HOG0005676,Macuminata,gbM,9,Core: Other
N0.HOG0005702,Fvesca,Unclassified,5,Cross-Family
N0.HOG0005769,Eguineensis,Unclassified,9,Cross-Family
N0.HOG0005769,Eguineensis,Missing,209,Cross-Family
N0.HOG0005769,Eguineensis,teM,54,Cross-Family
N0.HOG0005831,Bdistachyon,Missing,4,Cross-Family
N0.HOG0005864,Gmax,gbM,8,Core: Other
N0.HOG0005879,Bdistachyon,Unmethylated,27,Cross-Family
N0.HOG0005921,Gmax,Missing,25,Cross-Family
N0.HOG0005921,Crubella,Missing,3,Cross-Family
N0.HOG0005935,Fvesca,gbM,10,Cross-Family
N0.HOG0005988,Crubella,Missing,3,Core: Single Copy
N0.HOG0006006,Ptrichocarpa,gbM,5,Core: Other
N0.HOG0006122,Aduranensis,Missing,14,Cross-Family
N0.HOG0006128,Graimondii,Missing,8,Cross-Family
N0.HOG0006131,Fxananassa,Missing,95,Family Specific
N0.HOG0006131,Fxananassa,teM,124,Family Specific
N0.HOG0006131,Fxananassa,Unclassified,13,Family Specific
N0.HOG0006168,Pvulgaris,gbM,4,Core: Other
N0.HOG0006168,Pxbretschneideri,gbM,7,Core: Other
N0.HOG0006168,Mdomestica,gbM,10,Core: Other
N0.HOG0006185,Csativus,Missing,16,Cross-Family
N0.HOG0006217,Bdistachyon,gbM,17,Cross-Family
N0.HOG0006225,Ptrichocarpa,gbM,5,Cross-Family
N0.HOG0006273,Sitalica,teM,30,Family Specific
N0.HOG0006273,Sviridis,teM,30,Family Specific
N0.HOG0006303,Eguineensis,Missing,229,Species/Lineage Specific
N0.HOG0006303,Eguineensis,Unclassified,11,Species/Lineage Specific
N0.HOG0006398,Graimondii,Unmethylated,35,Cross-Family
N0.HOG0006398,Ptrichocarpa,Missing,34,Cross-Family
N0.HOG0006398,Ptrichocarpa,Unmethylated,66,Cross-Family
N0.HOG0006400,Cclementina,Missing,13,Cross-Family
N0.HOG0006414,Bdistachyon,Unmethylated,28,Cross-Family
N0.HOG0006429,Brapa,Unclassified,10,Cross-Family
N0.HOG0006444,Ptrichocarpa,Unclassified,4,Core: Other
N0.HOG0006445,Csativus,teM,11,Cross-Family
N0.HOG0006445,Slycopersicum,teM,63,Cross-Family
N0.HOG0006523,Pvulgaris,Unclassified,3,Core: Other
N0.HOG0006524,Eguineensis,gbM,4,Core: Other
N0.HOG0006534,Mguttatus,Missing,31,Cross-Family
N0.HOG0006534,Ptrichocarpa,Missing,16,Cross-Family
N0.HOG0006534,Mesculenta,Missing,102,Cross-Family
N0.HOG0006536,Ptrichocarpa,gbM,5,Core: Other
N0.HOG0006589,Cmelo,teM,131,Cross-Family
N0.HOG0006620,Fxananassa,Unmethylated,76,Cross-Family
N0.HOG0006708,Stuberosum,Missing,105,Family Specific
N0.HOG0006708,Stuberosum,teM,119,Family Specific
N0.HOG0006770,Fxananassa,teM,140,Family Specific
N0.HOG0006770,Fxananassa,Missing,84,Family Specific
N0.HOG0006802,Stuberosum,Missing,115,Family Specific
N0.HOG0006809,Aipaensis,Missing,7,Cross-Family
N0.HOG0006811,Esalsugineum,teM,51,Family Specific
N0.HOG0006813,Bdistachyon,teM,38,Cross-Family
N0.HOG0006853,Aipaensis,teM,213,Cross-Family
N0.HOG0006854,Alyrata,Unmethylated,38,Cross-Family
N0.HOG0006898,Brapa,gbM,2,Cross-Family
N0.HOG0006934,Macuminata,gbM,9,Core: Other
N0.HOG0006942,Phallii,Unclassified,7,Cross-Family
N0.HOG0006963,Tcacao,Unclassified,13,Cross-Family
N0.HOG0006964,Zmays,Missing,17,Cross-Family
N0.HOG0006972,Csativus,Unclassified,5,Cross-Family
N0.HOG0007019,Clanatus,Missing,5,Core: Other
N0.HOG0007071,Eguineensis,gbM,4,Core: Other
N0.HOG0007121,Vvinifera,teM,17,Cross-Family
N0.HOG0007121,Vvinifera,Missing,23,Cross-Family
N0.HOG0007127,Ptrichocarpa,gbM,5,Core: Other
N0.HOG0007137,Eguineensis,gbM,5,Core: Other
N0.HOG0007171,Bdistachyon,Missing,5,Cross-Family
N0.HOG0007173,Tcacao,Missing,43,Cross-Family
N0.HOG0007192,Sbicolor,teM,26,Family Specific
N0.HOG0007277,Pvulgaris,teM,59,Cross-Family
N0.HOG0007278,Fvesca,teM,44,Cross-Family
N0.HOG0007314,Osativa,teM,204,Family Specific
N0.HOG0007398,Boleracea,Missing,85,Cross-Family
N0.HOG0007399,Eguineensis,teM,17,Cross-Family
N0.HOG0007399,Eguineensis,Missing,171,Cross-Family
N0.HOG0007404,Cclementina,Missing,10,Cross-Family
N0.HOG0007432,Stuberosum,teM,121,Cross-Family
N0.HOG0007446,Eguineensis,gbM,4,Core: Other
N0.HOG0007487,Macuminata,gbM,9,Core: Other
N0.HOG0007556,Stuberosum,Unclassified,12,Cross-Family
N0.HOG0007558,Pvirgatum,Missing,109,Cross-Family
N0.HOG0007559,Fxananassa,teM,124,Species/Lineage Specific
N0.HOG0007717,Eguineensis,gbM,4,Core: Other
N0.HOG0007819,Aduranensis,teM,159,Cross-Family
N0.HOG0007843,Ptrichocarpa,gbM,5,Core: Other
N0.HOG0007843,Pvulgaris,Unclassified,3,Core: Other
N0.HOG0007963,Mtruncatula,Unclassified,26,Cross-Family
N0.HOG0007963,Mtruncatula,gbM,35,Cross-Family
N0.HOG0008047,Mtruncatula,teM,76,Cross-Family
N0.HOG0008063,Macuminata,teM,5,Core: Other
N0.HOG0008076,Pvulgaris,Unclassified,3,Core: Other
N0.HOG0008092,Ptrichocarpa,Unclassified,4,Core: Other
N0.HOG0008325,Osativa,teM,172,Family Specific
N0.HOG0008623,Osativa,Missing,46,Species/Lineage Specific
N0.HOG0008628,Gmax,gbM,8,Core: Other
N0.HOG0008790,Pvulgaris,Unclassified,3,Core: Other
N0.HOG0008835,Sbicolor,Missing,16,Family Specific
N0.HOG0008835,Sbicolor,Unclassified,98,Family Specific
N0.HOG0008835,Sbicolor,gbM,28,Family Specific
N0.HOG0008896,Esalsugineum,teM,46,Family Specific
N0.HOG0008896,Boleracea,Missing,68,Family Specific
N0.HOG0008921,Ptrichocarpa,gbM,5,Core: Other
N0.HOG0008934,Ptrichocarpa,Unclassified,4,Core: Other
N0.HOG0008977,Brapa,gbM,2,Core: Other
N0.HOG0009123,Eguineensis,gbM,4,Core: Other
N0.HOG0009182,Phallii,teM,123,Family Specific
N0.HOG0009247,Ptrichocarpa,gbM,5,Core: Other
N0.HOG0009271,Mtruncatula,Missing,122,Cross-Family
N0.HOG0009272,Cpapaya,gbM,27,Cross-Family
N0.HOG0009272,Cpapaya,Unclassified,7,Cross-Family
N0.HOG0009272,Cpapaya,teM,99,Cross-Family
N0.HOG0009310,Brapa,gbM,2,Core: Other
N0.HOG0009357,Fxananassa,Missing,111,Cross-Family
N0.HOG0009439,Sitalica,Missing,24,Family Specific
N0.HOG0009439,Sitalica,teM,56,Family Specific
N0.HOG0009439,Sviridis,Missing,11,Family Specific
N0.HOG0009502,Mdomestica,teM,52,Species/Lineage Specific
N0.HOG0009502,Mdomestica,Missing,97,Species/Lineage Specific
N0.HOG0009507,Pvulgaris,Unclassified,3,Core: Other
N0.HOG0009522,Ptrichocarpa,Unclassified,4,Core: Other
N0.HOG0009527,Atrichopoda,Unmethylated,11,Core: Other
N0.HOG0009679,Macuminata,gbM,10,Core: Other
N0.HOG0009850,Boleracea,gbM,8,Cross-Family
N0.HOG0009899,Atrichopoda,teM,123,Cross-Family
N0.HOG0009899,Atrichopoda,Missing,10,Cross-Family
N0.HOG0009948,Eguineensis,teM,30,Cross-Family
N0.HOG0009948,Eguineensis,Unclassified,8,Cross-Family
N0.HOG0009950,Zmays,Unclassified,16,Cross-Family
N0.HOG0009950,Zmays,teM,77,Cross-Family
N0.HOG0009950,Zmays,Missing,24,Cross-Family
N0.HOG0009970,Graimondii,Missing,6,Cross-Family
N0.HOG0010119,Fvesca,teM,25,Family Specific
N0.HOG0010124,Phallii,teM,62,Family Specific
N0.HOG0010124,Phallii,Unclassified,15,Family Specific
N0.HOG0010124,Phallii,Missing,59,Family Specific
N0.HOG0010180,Cmelo,teM,88,Species/Lineage Specific
N0.HOG0010180,Cmelo,Missing,48,Species/Lineage Specific
N0.HOG0010221,Ptrichocarpa,Missing,18,Cross-Family
N0.HOG0010417,Osativa,teM,129,Species/Lineage Specific
N0.HOG0010432,Bdistachyon,Missing,4,Cross-Family
N0.HOG0010436,Ljaponicus,gbM,14,Core: Other
N0.HOG0010436,Ljaponicus,Unclassified,13,Core: Other
N0.HOG0010447,Ptrichocarpa,gbM,5,Core: Other
N0.HOG0010461,Fvesca,Missing,19,Cross-Family
N0.HOG0010550,Atrichopoda,teM,123,Species/Lineage Specific
N0.HOG0010613,Osativa,Unmethylated,30,Family Specific
N0.HOG0010615,Cpapaya,teM,125,Cross-Family
N0.HOG0010670,Eguineensis,gbM,4,Core: Other
N0.HOG0010878,Osativa,Missing,27,Family Specific
N0.HOG0010941,Slycopersicum,teM,62,Species/Lineage Specific
N0.HOG0010941,Slycopersicum,Missing,51,Species/Lineage Specific
N0.HOG0010997,Sitalica,Unclassified,12,Family Specific
N0.HOG0011173,Pvulgaris,Unclassified,3,Core: Other
N0.HOG0011223,Esalsugineum,Unclassified,5,Cross-Family
N0.HOG0011248,Ljaponicus,teM,54,Species/Lineage Specific
N0.HOG0011248,Ljaponicus,Missing,60,Species/Lineage Specific
N0.HOG0011300,Pvulgaris,gbM,4,Core: Other
N0.HOG0011486,Macuminata,teM,5,Core: Other
N0.HOG0011591,Bdistachyon,Missing,5,Cross-Family
N0.HOG0011659,Mguttatus,Missing,11,Cross-Family
N0.HOG0011773,Atrichopoda,teM,100,Cross-Family
N0.HOG0011841,Osativa,teM,98,Family Specific
N0.HOG0011973,Clanatus,gbM,5,Core: Other
N0.HOG0012010,Fxananassa,Missing,90,Species/Lineage Specific
N0.HOG0012011,Osativa,Unclassified,12,Species/Lineage Specific
N0.HOG0012119,Tcacao,Missing,62,Cross-Family
N0.HOG0012123,Tcacao,teM,60,Species/Lineage Specific
N0.HOG0012296,Zmays,teM,82,Family Specific
N0.HOG0012338,Pvulgaris,Unclassified,3,Core: Other
N0.HOG0012377,Brapa,Unclassified,8,Cross-Family
N0.HOG0012454,Mguttatus,Unclassified,9,Cross-Family
N0.HOG0012630,Csativus,Missing,16,Cross-Family
N0.HOG0012693,Pvirgatum,Missing,75,Species/Lineage Specific
N0.HOG0012890,Eguineensis,gbM,4,Core: Other
N0.HOG0012933,Zmays,Unclassified,6,Family Specific
N0.HOG0012933,Zmays,Missing,21,Family Specific
N0.HOG0012936,Sbicolor,teM,16,Family Specific
N0.HOG0012937,Pvirgatum,Missing,80,Cross-Family
N0.HOG0012964,Aduranensis,Missing,15,Cross-Family
N0.HOG0013336,Aipaensis,Unclassified,6,Cross-Family
N0.HOG0013420,Boleracea,Missing,86,Species/Lineage Specific
N0.HOG0013425,Zmays,teM,75,Species/Lineage Specific
N0.HOG0013557,Macuminata,teM,6,Core: Other
N0.HOG0013733,Bdistachyon,teM,32,Family Specific
N0.HOG0013875,Mtruncatula,Unmethylated,35,Species/Lineage Specific
N0.HOG0014011,Athaliana,Missing,12,Cross-Family
N0.HOG0014019,Sitalica,teM,42,Family Specific
N0.HOG0014019,Sitalica,Missing,12,Family Specific
N0.HOG0014184,Pvirgatum,Missing,76,Cross-Family
N0.HOG0014185,Phallii,Unclassified,7,Species/Lineage Specific
N0.HOG0014185,Phallii,Missing,35,Species/Lineage Specific
N0.HOG0014315,Ljaponicus,Missing,37,Species/Lineage Specific
N0.HOG0014315,Ljaponicus,teM,49,Species/Lineage Specific
N0.HOG0014478,Pvulgaris,Unclassified,5,Core: Single Copy
N0.HOG0014497,Esalsugineum,Missing,5,Cross-Family
N0.HOG0014671,Slycopersicum,Missing,22,Family Specific
N0.HOG0014901,Esalsugineum,gbM,3,Family Specific
N0.HOG0014902,Atrichopoda,teM,70,Species/Lineage Specific
N0.HOG0015108,Ljaponicus,teM,58,Species/Lineage Specific
N0.HOG0015273,Fvesca,teM,35,Family Specific
N0.HOG0015471,Pvirgatum,Unclassified,20,Family Specific
N0.HOG0016256,Csativus,Missing,15,Core: Single Copy
N0.HOG0016479,Atrichopoda,teM,72,Species/Lineage Specific
N0.HOG0016715,Fvesca,teM,39,Family Specific
N0.HOG0016941,Aipaensis,Missing,5,Cross-Family
N0.HOG0016960,Phallii,Missing,55,Family Specific
N0.HOG0017375,Sbicolor,teM,15,Cross-Family
N0.HOG0017377,Mguttatus,gbM,38,Cross-Family
N0.HOG0017377,Mguttatus,Unclassified,7,Cross-Family
N0.HOG0017790,Phallii,teM,51,Species/Lineage Specific
N0.HOG0018148,Atrichopoda,Unmethylated,17,Species/Lineage Specific
N0.HOG0018148,Atrichopoda,gbM,15,Species/Lineage Specific
N0.HOG0018148,Atrichopoda,Unclassified,22,Species/Lineage Specific
N0.HOG0018163,Sitalica,Missing,17,Family Specific
N0.HOG0018163,Sitalica,teM,39,Family Specific
N0.HOG0018227,Aipaensis,Missing,5,Cross-Family
N0.HOG0018435,Bvulgaris,teM,63,Species/Lineage Specific
N0.HOG0018439,Mesculenta,Unclassified,7,Species/Lineage Specific
N0.HOG0018552,Zmays,Missing,44,Species/Lineage Specific
N0.HOG0018657,Sbicolor,gbM,13,Species/Lineage Specific
N0.HOG0018657,Sbicolor,Unclassified,40,Species/Lineage Specific
N0.HOG0018752,Phallii,Missing,35,Species/Lineage Specific
N0.HOG0018752,Phallii,Unclassified,7,Species/Lineage Specific
N0.HOG0018968,Aduranensis,Missing,18,Cross-Family
N0.HOG0018975,Alyrata,Missing,25,Family Specific
N0.HOG0018975,Alyrata,teM,27,Family Specific
N0.HOG0019207,Cmelo,Unclassified,5,Species/Lineage Specific
N0.HOG0019305,Atrichopoda,Unclassified,15,Cross-Family
N0.HOG0019305,Atrichopoda,gbM,8,Cross-Family
N0.HOG0019306,Atrichopoda,Missing,16,Species/Lineage Specific
N0.HOG0019306,Atrichopoda,Unclassified,13,Species/Lineage Specific
N0.HOG0019312,Sviridis,Missing,11,Family Specific
N0.HOG0019317,Mguttatus,Unmethylated,15,Species/Lineage Specific
N0.HOG0019317,Mguttatus,Unclassified,26,Species/Lineage Specific
N0.HOG0019339,Graimondii,Missing,7,Cross-Family
N0.HOG0019350,Phallii,Missing,53,Species/Lineage Specific
N0.HOG0019399,Bvulgaris,teM,51,Species/Lineage Specific
N0.HOG0019400,Clanatus,Unmethylated,15,Cross-Family
N0.HOG0019420,Aduranensis,Missing,35,Cross-Family
N0.HOG0019483,Mesculenta,Missing,34,Species/Lineage Specific
N0.HOG0019556,Crubella,teM,23,Family Specific
N0.HOG0019556,Crubella,Missing,3,Family Specific
N0.HOG0019695,Atrichopoda,Missing,17,Species/Lineage Specific
N0.HOG0019856,Ljaponicus,Missing,20,Family Specific
N0.HOG0019910,Alyrata,teM,27,Family Specific
N0.HOG0019944,Sitalica,Missing,16,Family Specific
N0.HOG0020041,Esalsugineum,gbM,3,Cross-Family
N0.HOG0020063,Bvulgaris,teM,35,Cross-Family
N0.HOG0020098,Alyrata,teM,34,Species/Lineage Specific
N0.HOG0020108,Cpapaya,Missing,22,Species/Lineage Specific
N0.HOG0020191,Sbicolor,Missing,34,Species/Lineage Specific
N0.HOG0020308,Sviridis,teM,30,Family Specific
N0.HOG0020374,Osativa,Missing,15,Species/Lineage Specific
N0.HOG0020423,Atrichopoda,Unmethylated,15,Species/Lineage Specific
N0.HOG0020431,Mguttatus,Missing,23,Cross-Family
N0.HOG0020484,Esalsugineum,gbM,3,Cross-Family
N0.HOG0020538,Mguttatus,Missing,31,Species/Lineage Specific
N0.HOG0020580,Esalsugineum,Missing,7,Family Specific
N0.HOG0020580,Esalsugineum,gbM,2,Family Specific
N0.HOG0020605,Bvulgaris,Unmethylated,14,Cross-Family
N0.HOG0020747,Ptrichocarpa,teM,30,Species/Lineage Specific
N0.HOG0020792,Crubella,teM,23,Family Specific
N0.HOG0020850,Mesculenta,teM,24,Species/Lineage Specific
N0.HOG0020934,Fvesca,Missing,6,Family Specific
N0.HOG0021013,Bvulgaris,teM,27,Species/Lineage Specific
N0.HOG0021039,Pxbretschneideri,Missing,15,Family Specific
N0.HOG0021046,Osativa,Missing,20,Family Specific
N0.HOG0021120,Bvulgaris,Missing,14,Species/Lineage Specific
N0.HOG0021135,Mdomestica,Missing,10,Species/Lineage Specific
N0.HOG0021225,Csativus,Missing,15,Species/Lineage Specific
N0.HOG0021240,Ppersica,Missing,8,Family Specific
N0.HOG0021321,Macuminata,Missing,12,Cross-Family
N0.HOG0021321,Macuminata,teM,11,Cross-Family
N0.HOG0021352,Cpapaya,Missing,19,Species/Lineage Specific
N0.HOG0021502,Macuminata,Missing,18,Species/Lineage Specific
N0.HOG0021557,Aipaensis,Missing,6,Family Specific
N0.HOG0021586,Atrichopoda,gbM,9,Species/Lineage Specific
N0.HOG0022343,Fvesca,Missing,17,Family Specific
N0.HOG0022393,Sviridis,Missing,10,Family Specific
N0.HOG0022462,Athaliana,Missing,6,Family Specific
N0.HOG0023468,Pvulgaris,Missing,4,Family Specific
N0.HOG0023592,Esalsugineum,Missing,5,Cross-Family
N0.HOG0023659,Atrichopoda,Unmethylated,9,Species/Lineage Specific
N0.HOG0023750,Cpapaya,Unmethylated,11,Species/Lineage Specific
N0.HOG0024041,Atrichopoda,Missing,10,Cross-Family
N0.HOG0024413,Alyrata,Missing,9,Cross-Family
N0.HOG0024716,Pvulgaris,Missing,6,Family Specific
N0.HOG0024793,Sviridis,Missing,10,Family Specific
N0.HOG0025243,Esalsugineum,Unclassified,7,Species/Lineage Specific
N0.HOG0025244,Fvesca,Missing,11,Family Specific
N0.HOG0025929,Cpapaya,Unmethylated,10,Species/Lineage Specific
N0.HOG0025935,Csativus,teM,11,Species/Lineage Specific
N0.HOG0026820,Cpapaya,Missing,9,Species/Lineage Specific
N0.HOG0027520,Bdistachyon,Missing,5,Family Specific
N0.HOG0030304,Crubella,Missing,3,Species/Lineage Specific
